{
    "textures": {
        "particle": "blocks/glass",
        "glass": "blocks/glass",
        "water": "blocks/water_still"
    },
    "elements": [
        {   "_comment": "water",
            "from": [ 1, 0, 0 ],
            "to": [ 15, 16, 16 ],
            "faces": {
                "east":  { "texture": "#water" },
                "west":  { "texture": "#water" }
            }
        },
        {   "_comment": "east",
            "from": [ 15, 0, 0 ],
            "to": [ 16, 16, 16 ],
            "faces": {
                "up":    { "uv": [ 0, 0,  1, 16 ], "texture": "#glass" },
                "west":  { "uv": [ 0, 0,  16, 16 ], "texture": "#glass" },
                "east":  { "uv": [ 0, 0,  16, 16 ], "texture": "#glass", "cullface": "east" }
            }
        },
        {   "_comment": "west",
            "from": [ 0, 0, 0 ],
            "to": [ 1, 16, 16 ],
            "faces": {
                "up":    { "uv": [ 0, 0,  1, 16 ], "texture": "#glass" },
                "west":  { "uv": [ 0, 0,  16, 16 ], "texture": "#glass", "cullface": "west" },
                "east":  { "uv": [ 0, 0,  16, 16 ], "texture": "#glass" }
            }
        }
    ]
}