{
    "textures": {
        "particle": "blocks/glass",
        "glass": "blocks/glass",
        "water": "blocks/water_still"
    },
    "elements": [
        {   "_comment": "water",
            "from": [ 1, 1, 1 ],
            "to": [ 15, 15, 15 ],
            "faces": {
                "up":    { "texture": "#water" },
                "down":  { "texture": "#water" },
                "east":  { "texture": "#water" },
                "west":  { "texture": "#water" },
                "north": { "texture": "#water" },
                "south": { "texture": "#water" }
            }
        },
        {   "_comment": "down",
            "from": [ 0, 0, 0 ],
            "to": [ 16, 1, 16 ],
            "faces": {
                "down":  { "uv": [ 0, 0,  16, 16 ], "texture": "#glass", "cullface": "down" },
                "up":    { "uv": [ 0, 0,  16, 16 ], "texture": "#glass" }
            }
        },
        {   "_comment": "east",
            "from": [ 15, 0, 0 ],
            "to": [ 16, 16, 16 ],
            "faces": {
                "up":    { "uv": [ 0, 0,  1, 16 ], "texture": "#glass" },
                "west":  { "uv": [ 0, 0,  16, 16 ], "texture": "#glass" },
                "east":  { "uv": [ 0, 0,  16, 16 ], "texture": "#glass", "cullface": "east" }
            }
        },
        {   "_comment": "west",
            "from": [ 0, 0, 0 ],
            "to": [ 1, 16, 16 ],
            "faces": {
                "up":    { "uv": [ 0, 0,  1, 16 ], "texture": "#glass" },
                "west":  { "uv": [ 0, 0,  16, 16 ], "texture": "#glass", "cullface": "west" },
                "east":  { "uv": [ 0, 0,  16, 16 ], "texture": "#glass" }
            }
        },
        {   "_comment": "north",
            "from": [ 0, 0, 15 ],
            "to": [ 16, 16, 16 ],
            "faces": {
                "up":    { "uv": [ 0, 0,  16, 1 ], "texture": "#glass" },
                "north": { "uv": [ 0, 0,  16, 16 ], "texture": "#glass", "cullface": "north" },
                "south": { "uv": [ 0, 0,  16, 16 ], "texture": "#glass" }
            }
        },
        {   "_comment": "south",
            "from": [ 0, 0, 0 ],
            "to": [ 16, 16, 1 ],
            "faces": {
                "up":    { "uv": [ 0, 0,  16, 1 ], "texture": "#glass" },
                "north": { "uv": [ 0, 0,  16, 16 ], "texture": "#glass" },
                "south": { "uv": [ 0, 0,  16, 16 ], "texture": "#glass", "cullface": "south" }
            }
        }
    ]
}