{
    "variants": {
        "down=false,east=false,north=false,south=false,up=false,west=false": { "model": "livingfish:tank" },
        "down=false,east=false,north=true,south=false,up=false,west=false": { "model": "livingfish:tank_n" },
        "down=false,east=true,north=false,south=false,up=false,west=false": { "model": "livingfish:tank_n", "y": 90, "uvlock": true },
        "down=false,east=false,north=false,south=true,up=false,west=false": { "model": "livingfish:tank_n", "y": 180, "uvlock": true },
        "down=false,east=false,north=false,south=false,up=false,west=true": { "model": "livingfish:tank_n", "y": 270, "uvlock": true },
        "down=false,east=true,north=true,south=false,up=false,west=false": { "model": "livingfish:tank_ne" },
        "down=false,east=true,north=false,south=true,up=false,west=false": { "model": "livingfish:tank_ne", "y": 90, "uvlock": true },
        "down=false,east=false,north=false,south=true,up=false,west=true": { "model": "livingfish:tank_ne", "y": 180, "uvlock": true },
        "down=false,east=false,north=true,south=false,up=false,west=true": { "model": "livingfish:tank_ne", "y": 270, "uvlock": true },
        "down=false,east=false,north=true,south=true,up=false,west=false": { "model": "livingfish:tank_ns" },
        "down=false,east=true,north=false,south=false,up=false,west=true": { "model": "livingfish:tank_ns", "y": 90, "uvlock": true },
        "down=false,east=true,north=true,south=true,up=false,west=false": { "model": "livingfish:tank_nse" },
        "down=false,east=true,north=false,south=true,up=false,west=true": { "model": "livingfish:tank_nse", "y": 90, "uvlock": true },
        "down=false,east=false,north=true,south=true,up=false,west=true": { "model": "livingfish:tank_nse", "y": 180, "uvlock": true },
        "down=false,east=true,north=true,south=false,up=false,west=true": { "model": "livingfish:tank_nse", "y": 270, "uvlock": true },
        "down=false,east=true,north=true,south=true,up=false,west=true": { "model": "livingfish:tank_nsew" },
        "down=true,east=false,north=false,south=false,up=false,west=false": { "model": "livingfish:tank_d" },
        "down=true,east=false,north=true,south=false,up=false,west=false": { "model": "livingfish:tank_dn" },
        "down=true,east=true,north=false,south=false,up=false,west=false": { "model": "livingfish:tank_dn", "y": 90, "uvlock": true },
        "down=true,east=false,north=false,south=true,up=false,west=false": { "model": "livingfish:tank_dn", "y": 180, "uvlock": true },
        "down=true,east=false,north=false,south=false,up=false,west=true": { "model": "livingfish:tank_dn", "y": 270, "uvlock": true },
        "down=true,east=true,north=true,south=false,up=false,west=false": { "model": "livingfish:tank_dne" },
        "down=true,east=true,north=false,south=true,up=false,west=false": { "model": "livingfish:tank_dne", "y": 90, "uvlock": true },
        "down=true,east=false,north=false,south=true,up=false,west=true": { "model": "livingfish:tank_dne", "y": 180, "uvlock": true },
        "down=true,east=false,north=true,south=false,up=false,west=true": { "model": "livingfish:tank_dne", "y": 270, "uvlock": true },
        "down=true,east=false,north=true,south=true,up=false,west=false": { "model": "livingfish:tank_dns" },
        "down=true,east=true,north=false,south=false,up=false,west=true": { "model": "livingfish:tank_dns", "y": 90, "uvlock": true },
        "down=true,east=true,north=true,south=true,up=false,west=false": { "model": "livingfish:tank_dnse" },
        "down=true,east=true,north=false,south=true,up=false,west=true": { "model": "livingfish:tank_dnse", "y": 90, "uvlock": true },
        "down=true,east=false,north=true,south=true,up=false,west=true": { "model": "livingfish:tank_dnse", "y": 180, "uvlock": true },
        "down=true,east=true,north=true,south=false,up=false,west=true": { "model": "livingfish:tank_dnse", "y": 270, "uvlock": true },
        "down=true,east=true,north=true,south=true,up=false,west=true": { "model": "livingfish:tank_dnsew" },
        "down=false,east=false,north=false,south=false,up=true,west=false": { "model": "livingfish:tank_u" },
        "down=false,east=false,north=true,south=false,up=true,west=false": { "model": "livingfish:tank_un" },
        "down=false,east=true,north=false,south=false,up=true,west=false": { "model": "livingfish:tank_un", "y": 90, "uvlock": true },
        "down=false,east=false,north=false,south=true,up=true,west=false": { "model": "livingfish:tank_un", "y": 180, "uvlock": true },
        "down=false,east=false,north=false,south=false,up=true,west=true": { "model": "livingfish:tank_un", "y": 270, "uvlock": true },
        "down=false,east=true,north=true,south=false,up=true,west=false": { "model": "livingfish:tank_une" },
        "down=false,east=true,north=false,south=true,up=true,west=false": { "model": "livingfish:tank_une", "y": 90, "uvlock": true },
        "down=false,east=false,north=false,south=true,up=true,west=true": { "model": "livingfish:tank_une", "y": 180, "uvlock": true },
        "down=false,east=false,north=true,south=false,up=true,west=true": { "model": "livingfish:tank_une", "y": 270, "uvlock": true },
        "down=false,east=false,north=true,south=true,up=true,west=false": { "model": "livingfish:tank_uns" },
        "down=false,east=true,north=false,south=false,up=true,west=true": { "model": "livingfish:tank_uns", "y": 90, "uvlock": true },
        "down=false,east=true,north=true,south=true,up=true,west=false": { "model": "livingfish:tank_unse" },
        "down=false,east=true,north=false,south=true,up=true,west=true": { "model": "livingfish:tank_unse", "y": 90, "uvlock": true },
        "down=false,east=false,north=true,south=true,up=true,west=true": { "model": "livingfish:tank_unse", "y": 180, "uvlock": true },
        "down=false,east=true,north=true,south=false,up=true,west=true": { "model": "livingfish:tank_unse", "y": 270, "uvlock": true },
        "down=false,east=true,north=true,south=true,up=true,west=true": { "model": "livingfish:tank_unsew" },
        "down=true,east=false,north=false,south=false,up=true,west=false": { "model": "livingfish:tank_ud" },
        "down=true,east=false,north=true,south=false,up=true,west=false": { "model": "livingfish:tank_udn" },
        "down=true,east=true,north=false,south=false,up=true,west=false": { "model": "livingfish:tank_udn", "y": 90, "uvlock": true },
        "down=true,east=false,north=false,south=true,up=true,west=false": { "model": "livingfish:tank_udn", "y": 180, "uvlock": true },
        "down=true,east=false,north=false,south=false,up=true,west=true": { "model": "livingfish:tank_udn", "y": 270, "uvlock": true },
        "down=true,east=true,north=true,south=false,up=true,west=false": { "model": "livingfish:tank_udne" },
        "down=true,east=true,north=false,south=true,up=true,west=false": { "model": "livingfish:tank_udne", "y": 90, "uvlock": true },
        "down=true,east=false,north=false,south=true,up=true,west=true": { "model": "livingfish:tank_udne", "y": 180, "uvlock": true },
        "down=true,east=false,north=true,south=false,up=true,west=true": { "model": "livingfish:tank_udne", "y": 270, "uvlock": true },
        "down=true,east=false,north=true,south=true,up=true,west=false": { "model": "livingfish:tank_udns" },
        "down=true,east=true,north=false,south=false,up=true,west=true": { "model": "livingfish:tank_udns", "y": 90, "uvlock": true },
        "down=true,east=true,north=true,south=true,up=true,west=false": { "model": "livingfish:tank_udnse" },
        "down=true,east=true,north=false,south=true,up=true,west=true": { "model": "livingfish:tank_udnse", "y": 90, "uvlock": true },
        "down=true,east=false,north=true,south=true,up=true,west=true": { "model": "livingfish:tank_udnse", "y": 180, "uvlock": true },
        "down=true,east=true,north=true,south=false,up=true,west=true": { "model": "livingfish:tank_udnse", "y": 270, "uvlock": true },
        "down=true,east=true,north=true,south=true,up=true,west=true": { "model": "livingfish:tank_udnsew" }
    }
}
